{"cameraMode":{"drawMode":0,"name":"Shaded","section":"Shading Mode"},"sceneLighting":true,"audioPlay":false,"sceneViewState":{"m_AlwaysRefresh":false,"showFog":true,"showSkybox":true,"showFlares":true,"showImageEffects":true,"showParticleSystems":true,"showVisualEffectGraphs":true,"m_FxEnabled":false},"in2DMode":false,"pivot":{"x":-0.021279096603393556,"y":-1.738119125366211,"z":10.921384811401368},"rotation":{"x":-0.29216957092285159,"y":-0.06963839381933212,"z":0.021345408633351327,"w":-0.9535874724388123},"size":16.362747192382814,"orthographic":false}