{"cameraMode":{"drawMode":0,"name":"Shaded","section":"Shading Mode"},"sceneLighting":true,"audioPlay":false,"sceneViewState":{"m_AlwaysRefresh":false,"showFog":true,"showSkybox":true,"showFlares":true,"showImageEffects":true,"showParticleSystems":true,"showVisualEffectGraphs":true,"m_FxEnabled":false},"in2DMode":false,"pivot":{"x":3.594250202178955,"y":1.177694320678711,"z":11.805002212524414},"rotation":{"x":-0.22251157462596894,"y":-0.1406942903995514,"z":0.032478123903274539,"w":-0.9641764760017395},"size":14.623692512512207,"orthographic":false}