{"cameraMode":{"drawMode":0,"name":"Shaded","section":"Shading Mode"},"sceneLighting":true,"audioPlay":false,"sceneViewState":{"m_AlwaysRefresh":false,"showFog":true,"showSkybox":true,"showFlares":true,"showImageEffects":true,"showParticleSystems":true,"showVisualEffectGraphs":true,"m_FxEnabled":false},"in2DMode":false,"pivot":{"x":-2.7342588901519777,"y":1.567466378211975,"z":12.712885856628418},"rotation":{"x":-0.24234074354171754,"y":0.015134758315980435,"z":-0.003772338852286339,"w":-0.970058023929596},"size":21.06300926208496,"orthographic":false}